INSERT INTO operators(number, name) VALUES 
(1, 'КП Київський метрополітен'),
(2, 'КП Київпастранс');

INSERT INTO vehicle_type(number, name) VALUES 
(1, 'тролейбус'),
(2, 'автобус'),
(3, 'трамвай'),
(4, 'станція метро');

INSERT INTO routes (number, name, operator)
VALUES ('М1', 'Лісова - Академмістечко', 1),
       ('М2', 'Героїв Дніпра - Теремки', 1),
       ('М3', 'Червоний хутір - Сирець', 1),
       ('Т8', 'ст. м. Позняки - ст.м. Лісова', 2),
       ('Т33', 'вул. Сержа Лифаря - ДВРЗ', 2),
       ('А17', 'ст. м. Харківська - вул. Михайла Драгоманова', 2),
       ('А118', 'ст. м. Чернігiвська - ст. м. Політехнічний інститут', 2),
       ('А22', 'вул. Тростянецька - Музей Авіації', 2),
       ('ТР4', 'вул. Чорнобильська - ст. м. Площа Українських Героїв', 2),
       ('ТР14', 'Ботанічний сад - Залізничний вокзал "Центральний"', 2)
;

INSERT INTO vehicles (number, type)
VALUES (2312, 1),
       (2649, 1),
       (2337, 1),
       (2324, 1),
       (1374, 1),
       (1377, 1),
       (1371, 1),
       (4831, 2),
       (4825, 2),
       (4829, 2),
       (4826, 2),
       (4833, 2),
       (4843, 2),
       (4846, 2),
       (4734, 2),
       (7827, 2),
       (7809, 2),
       (7830, 2),
       (5003, 3),
       (5015, 3),
       (5010, 3),
       (5019, 3),
       (5011, 3),
       (5007, 3),
       (5006, 3),
       (5009, 3),
       (5014, 3),
       (5002, 3),
       (5017, 3),
       (0110, 4),
       (0111, 4),
       (0112, 4),
       (0113, 4),
       (0114, 4),
       (0115, 4),
       (0116, 4),
       (0117, 4),
       (0118, 4),
       (0119, 4),
       (0120, 4),
       (0121, 4),
       (0122, 4),
       (0123, 4),
       (0124, 4),
       (0125, 4),
       (0126, 4),
       (0127, 4),
       (0128, 4),
       (0210, 4),
       (0211, 4),
       (0212, 4),
       (0213, 4),
       (0214, 4),
       (0215, 4),
       (0216, 4),
       (0217, 4),
       (0218, 4),
       (0219, 4),
       (0220, 4),
       (0221, 4),
       (0222, 4),
       (0223, 4),
       (0224, 4),
       (0225, 4),
       (0226, 4),
       (0227, 4),
       (0228, 4),
       (0310, 4),
       (0311, 4),
       (0312, 4),
       (0313, 4),
       (0314, 4),
       (0315, 4),
       (0316, 4),
       (0317, 4),
       (0318, 4),
       (0319, 4),
       (0320, 4),
       (0321, 4),
       (0322, 4),
       (0323, 4),
       (0324, 4),
       (0325, 4),
       (0326, 4);
