INSERT INTO cards_owners (id, first_name, last_name, middle_name, birth_date) VALUES (2, 'Андрій', 'Стецюра', 'Вадимович', '1982-01-01');
INSERT INTO cards_owners (id, first_name, last_name, middle_name, birth_date) VALUES (3, 'Олексій', 'Диш', 'Іванович', '1983-01-01');
INSERT INTO cards_owners (id, first_name, last_name, middle_name, birth_date) VALUES (4, 'Валентина', 'Співаковська', 'Олегівна', '1984-01-01');
INSERT INTO cards_owners (id, first_name, last_name, middle_name, birth_date) VALUES (5, 'Анна', 'Павлова', 'Павлівна', '1985-01-01');
INSERT INTO cards_owners (id, first_name, last_name, middle_name, birth_date) VALUES (6, 'Ярослав', 'Бичек', 'Олександрович', '1986-01-01');
INSERT INTO cards_owners (id, first_name, last_name, middle_name, birth_date) VALUES (7, 'Володимир', 'Волинський', 'Володомирович', '1987-01-01');
INSERT INTO cards_owners (id, first_name, last_name, middle_name, birth_date) VALUES (8, 'Ольга', 'Шрамко', 'Вікторівна', '1988-01-01');
INSERT INTO travel_cards (code, owner, release_date, expiration_date) VALUES (9022781630, 1, '2024-01-01', '2025-12-31');
INSERT INTO travel_cards (code, owner, release_date, expiration_date) VALUES (6014136388, 2, '2024-01-01', '2025-12-31');
INSERT INTO travel_cards (code, owner, release_date, expiration_date) VALUES (7488319215, 3, '2024-01-01', '2025-12-31');
INSERT INTO travel_cards (code, owner, release_date, expiration_date) VALUES (7005422463, 4, '2024-01-01', '2025-12-31');
INSERT INTO travel_cards (code, owner, release_date, expiration_date) VALUES (3094205357, 5, '2024-01-01', '2025-12-31');
INSERT INTO travel_cards (code, owner, release_date, expiration_date) VALUES (5498875947, 6, '2024-01-01', '2025-12-31');
INSERT INTO travel_cards (code, owner, release_date, expiration_date) VALUES (4880261103, 7, '2024-01-01', '2025-12-31');
INSERT INTO travel_cards (code, owner, release_date, expiration_date) VALUES (5963457959, 8, '2024-01-01', '2025-12-31');
INSERT INTO travel_cards (code, owner, release_date, expiration_date) VALUES (9022781630, 1, '2024-01-01', '2025-12-31');
INSERT INTO travel_cards (code, owner, release_date, expiration_date) VALUES (6014136388, 2, '2024-01-01', '2025-12-31');
INSERT INTO travel_cards (code, owner, release_date, expiration_date) VALUES (7488319215, 3, '2024-01-01', '2025-12-31');
INSERT INTO travel_cards (code, owner, release_date, expiration_date) VALUES (7005422463, 4, '2024-01-01', '2025-12-31');
INSERT INTO travel_cards (code, owner, release_date, expiration_date) VALUES (3094205357, 5, '2024-01-01', '2025-12-31');
INSERT INTO travel_cards (code, owner, release_date, expiration_date) VALUES (5498875947, 6, '2024-01-01', '2025-12-31');
INSERT INTO travel_cards (code, owner, release_date, expiration_date) VALUES (4880261103, 7, '2024-01-01', '2025-12-31');
INSERT INTO travel_cards (code, owner, release_date, expiration_date) VALUES (5963457959, 8, '2024-01-01', '2025-12-31');
INSERT INTO rides (id, vehicle, route) VALUES ('d6380273-b68b-40d4-8319-59a857a9decc', 313, 'ТР4');
INSERT INTO rides (id, vehicle, route) VALUES ('3e519d7f-b8ce-4504-99e6-6b209b5a93e9', 128, 'А17');
INSERT INTO rides (id, vehicle, route) VALUES ('d88dadd5-7865-4976-a721-b954c122bd72', 114, 'М1');
INSERT INTO rides (id, vehicle, route) VALUES ('fea56009-9541-41dc-82ac-4bc4ee699d78', 318, 'М2');
INSERT INTO rides (id, vehicle, route) VALUES ('9833bbe7-04c9-4cd1-8e1d-267c5d8b45e0', 321, 'ТР14');
INSERT INTO rides (id, vehicle, route) VALUES ('63dd1301-0c73-4ca6-a74b-97b1e18a4ced', 323, 'ТР4');
INSERT INTO rides (id, vehicle, route) VALUES ('99c2119c-3f7a-4e68-a2c7-3f9f7afd4b94', 120, 'ТР14');
INSERT INTO rides (id, vehicle, route) VALUES ('0425cf52-002a-49fb-818f-b27d10dd14a4', 216, 'Т8');
INSERT INTO rides (id, vehicle, route) VALUES ('484b6449-32b8-4c94-874a-dfd9f53a2349', 128, 'М1');
INSERT INTO rides (id, vehicle, route) VALUES ('4f879a61-57df-486e-8868-f733624025c5', 122, 'А17');
INSERT INTO rides (id, vehicle, route) VALUES ('28206127-ef9c-43c2-86aa-c1a23a68e5ca', 221, 'М1');
INSERT INTO rides (id, vehicle, route) VALUES ('fbdc4401-301c-4218-9ce6-fb21792cbdaf', 127, 'ТР4');
INSERT INTO rides (id, vehicle, route) VALUES ('257b3ceb-3ad3-4026-b603-3797514fe3b5', 221, 'ТР14');
INSERT INTO rides (id, vehicle, route) VALUES ('802b564c-4677-48b8-82a7-c83bbdd3de57', 315, 'ТР14');
INSERT INTO rides (id, vehicle, route) VALUES ('579dd63f-afc0-45c2-a2cd-247bc0abce0c', 311, 'Т33');
INSERT INTO rides (id, vehicle, route) VALUES ('548280ae-4d94-4595-a67f-3039f2a547ee', 110, 'А22');
INSERT INTO rides (id, vehicle, route) VALUES ('1f5d76e1-7e2f-4fd8-abf9-0c9692bf285a', 227, 'А118');
INSERT INTO rides (id, vehicle, route) VALUES ('b2d7f0fd-4f17-4d2f-a0ca-d08a5ef902b9', 325, 'Т33');
INSERT INTO rides (id, vehicle, route) VALUES ('be107f8f-fecf-4d8d-b643-e25376106843', 217, 'ТР14');
INSERT INTO rides (id, vehicle, route) VALUES ('5022e5ee-4907-4001-99ed-22e3a92a691f', 113, 'А17');
INSERT INTO rides (id, vehicle, route) VALUES ('2d3ccdc3-b329-47ac-9120-716e767ffb35', 119, 'А118');
INSERT INTO rides (id, vehicle, route) VALUES ('766fc6d8-6cfb-4865-b0db-66a70a87c7e4', 114, 'М3');
INSERT INTO rides (id, vehicle, route) VALUES ('7b183b63-4044-4f5e-9e2a-15c911a84c29', 322, 'А17');
INSERT INTO rides (id, vehicle, route) VALUES ('361aab52-626f-401a-9ace-cacc770b200a', 222, 'Т33');
INSERT INTO rides (id, vehicle, route) VALUES ('acf29603-4f08-4808-a526-a1d0adfc0cbc', 122, 'А118');
INSERT INTO rides (id, vehicle, route) VALUES ('17663ae2-9c79-4762-b46e-4cd510b3c8f2', 314, 'М1');
INSERT INTO rides (id, vehicle, route) VALUES ('2d453785-c794-4c9d-9a91-f5fed68dfc71', 316, 'М2');
INSERT INTO rides (id, vehicle, route) VALUES ('44b068e3-dbd5-4742-9e2a-65f8008a2b8e', 312, 'ТР14');
INSERT INTO rides (id, vehicle, route) VALUES ('a8e068cb-f9f5-47a0-98b1-436c6af3d618', 323, 'А22');
INSERT INTO rides (id, vehicle, route) VALUES ('56661375-1fe9-4405-b49f-ecb7aa76a6a7', 226, 'ТР14');
INSERT INTO rides (id, vehicle, route) VALUES ('e54b99fb-2a39-4767-bec8-95d037a4ff5a', 115, 'А17');
INSERT INTO rides (id, vehicle, route) VALUES ('adf1afc6-fcb6-4821-a119-d2aaf660d783', 217, 'М2');
INSERT INTO rides (id, vehicle, route) VALUES ('ff82816c-3e11-4cd7-87eb-2e06453edb30', 218, 'А17');
INSERT INTO rides (id, vehicle, route) VALUES ('10606bd0-a45a-4bc2-bcac-ec649e3712b9', 118, 'Т8');
INSERT INTO rides (id, vehicle, route) VALUES ('ceec756e-3bec-4cd6-a448-b5febbc6f474', 118, 'ТР14');
INSERT INTO rides (id, vehicle, route) VALUES ('4de2f510-27fe-48c9-ac7a-9366c93ba461', 219, 'А17');
INSERT INTO rides (id, vehicle, route) VALUES ('69a1d7ec-9229-477d-bfdd-3ac400771f7c', 110, 'М1');
INSERT INTO rides (id, vehicle, route) VALUES ('3437a578-6734-4fa1-89cd-d2f522d1ea91', 326, 'М2');
INSERT INTO rides (id, vehicle, route) VALUES ('35abf40d-2bf4-411b-b32e-693ecd9c9d40', 312, 'А118');
INSERT INTO rides (id, vehicle, route) VALUES ('364334b1-16ab-4b3d-a7b8-c07d48da8ed7', 211, 'А17');
INSERT INTO rides (id, vehicle, route) VALUES ('b99605bb-0e39-4610-96e4-b6671d523c74', 115, 'ТР14');
INSERT INTO rides (id, vehicle, route) VALUES ('8877789b-6e0d-45db-a050-8342108c6051', 117, 'Т8');
INSERT INTO rides (id, vehicle, route) VALUES ('8de79de3-76ab-472e-a1ef-13e302e1fae1', 115, 'М3');
INSERT INTO rides (id, vehicle, route) VALUES ('2a638fa1-737a-4bb3-a3cf-f4ef22f9b325', 212, 'А22');
INSERT INTO rides (id, vehicle, route) VALUES ('0a5ac55c-6f6c-45e9-a519-bc8617e1ddab', 314, 'А22');
INSERT INTO rides (id, vehicle, route) VALUES ('84e52bd2-cd32-4641-8631-63b36ca319fa', 128, 'М3');
INSERT INTO rides (id, vehicle, route) VALUES ('188b3bef-c3d2-4b83-9c71-711be7c77fad', 215, 'А118');
INSERT INTO rides (id, vehicle, route) VALUES ('07fab435-f510-4f6e-a1d0-6b2f90c16d80', 126, 'А17');
INSERT INTO rides (id, vehicle, route) VALUES ('54248800-960a-4c05-bd7d-acd340e09c4a', 225, 'А118');
INSERT INTO rides (id, vehicle, route) VALUES ('a92470e1-4d0a-45cb-8ea9-cb1e24010e0c', 322, 'ТР14');
INSERT INTO rides (id, vehicle, route) VALUES ('8c266b34-f9d2-4055-bbc3-63b1214ab613', 212, 'А22');
INSERT INTO rides (id, vehicle, route) VALUES ('43367112-24d6-4dd2-89eb-542a65545106', 116, 'А22');
INSERT INTO rides (id, vehicle, route) VALUES ('65d86386-0d13-4b01-bab7-1ed1be3d99c1', 316, 'ТР4');
INSERT INTO rides (id, vehicle, route) VALUES ('bc48488d-d0d9-4419-b4ea-97b3b5b1aa18', 211, 'Т8');
INSERT INTO rides (id, vehicle, route) VALUES ('6901967b-05c6-421b-8877-4c4bca60b907', 225, 'Т33');
INSERT INTO rides (id, vehicle, route) VALUES ('a046ee6f-a974-43e2-a556-4237718722bd', 319, 'ТР4');
INSERT INTO rides (id, vehicle, route) VALUES ('9f38deef-5889-48d1-96da-37e4f56a29ed', 127, 'М2');
INSERT INTO rides (id, vehicle, route) VALUES ('0435d01d-6a06-4394-9b37-e4c0f1875e6d', 114, 'ТР14');
INSERT INTO rides (id, vehicle, route) VALUES ('d3842c52-1b25-459d-af05-f1e38e04c28a', 223, 'А22');
INSERT INTO rides (id, vehicle, route) VALUES ('39b6106f-2d64-4387-9c18-6abfa0dedfbf', 317, 'М3');
INSERT INTO rides (id, vehicle, route) VALUES ('fa7d411a-3019-4da8-9073-00d3d9a87b52', 119, 'Т8');
INSERT INTO rides (id, vehicle, route) VALUES ('6fffeacc-21d2-4f2c-bd1b-dc81deb7f72e', 118, 'Т33');
INSERT INTO rides (id, vehicle, route) VALUES ('a5d18500-bf4b-48e8-862e-e5a78bd3ed18', 228, 'Т8');
INSERT INTO rides (id, vehicle, route) VALUES ('84a6698d-a8a0-4f56-9738-a8bed2b3f660', 217, 'ТР4');
INSERT INTO rides (id, vehicle, route) VALUES ('2598b40d-72a6-4404-a550-89c76a27ce44', 224, 'М3');
INSERT INTO rides (id, vehicle, route) VALUES ('7de70089-1f86-4081-8a56-c082fdb6aba0', 128, 'А22');
INSERT INTO rides (id, vehicle, route) VALUES ('ca98e4f3-a475-4439-89bb-2143d77e33ba', 310, 'М3');
INSERT INTO rides (id, vehicle, route) VALUES ('5fc52eb8-7e98-4051-a468-908c709f35b5', 228, 'М3');
INSERT INTO rides (id, vehicle, route) VALUES ('b74c71e8-15df-484b-b0cb-7b89a37e5820', 123, 'ТР14');
INSERT INTO rides (id, vehicle, route) VALUES ('77be2d38-0d57-4508-ae18-5ceb3ea981c5', 222, 'Т8');
INSERT INTO rides (id, vehicle, route) VALUES ('37aef0eb-930e-4c90-86eb-5da45daee78c', 325, 'Т33');
INSERT INTO rides (id, vehicle, route) VALUES ('a7300a07-0441-4316-ad4f-9c82216fba31', 312, 'А17');
INSERT INTO rides (id, vehicle, route) VALUES ('1786749d-61bf-41d6-980a-d2fef7d0c689', 123, 'А17');
INSERT INTO rides (id, vehicle, route) VALUES ('d9841784-8d00-4a49-8deb-545284b36813', 317, 'ТР4');
INSERT INTO rides (id, vehicle, route) VALUES ('b77890b7-2735-4b65-aa62-a2656735e218', 223, 'Т33');
INSERT INTO rides (id, vehicle, route) VALUES ('0569547d-8c9b-4ea5-8388-5b8d17b8dcfc', 111, 'А17');
INSERT INTO rides (id, vehicle, route) VALUES ('897b85d9-b9be-4f6e-ab8b-4148280f2a48', 220, 'ТР4');
INSERT INTO rides (id, vehicle, route) VALUES ('1259ee7a-1010-4e81-98b6-95e85106eefe', 227, 'М3');
INSERT INTO rides (id, vehicle, route) VALUES ('69019a82-a16b-4e8b-8797-ee95612bd121', 120, 'М2');
INSERT INTO rides (id, vehicle, route) VALUES ('9d7ca910-5d79-47ae-a088-94b7b3238042', 317, 'А17');
INSERT INTO rides (id, vehicle, route) VALUES ('efea2216-4502-4c8e-8d65-0b50ec844c09', 220, 'А118');
INSERT INTO rides (id, vehicle, route) VALUES ('906055a4-79a3-4a73-8222-0341ee4f09b1', 226, 'ТР14');
INSERT INTO rides (id, vehicle, route) VALUES ('bb2c23cf-32ab-468d-b7ee-48f22c952629', 314, 'А22');
INSERT INTO rides (id, vehicle, route) VALUES ('d253a92a-4e3e-4b7c-b0ca-8232f870cef0', 314, 'М3');
INSERT INTO rides (id, vehicle, route) VALUES ('ae111ae5-9d7a-4f96-a744-36b3be4b42c6', 120, 'Т33');
INSERT INTO rides (id, vehicle, route) VALUES ('330ccf4a-bf41-41c1-918d-1ed52b742436', 322, 'Т33');
INSERT INTO rides (id, vehicle, route) VALUES ('21bb894d-8009-4d17-9b59-8d8941e02540', 219, 'А22');
INSERT INTO rides (id, vehicle, route) VALUES ('e787b7c9-4a6c-404a-a51c-8fd723beeb7e', 218, 'М2');
INSERT INTO rides (id, vehicle, route) VALUES ('018a6aeb-ba62-446b-96c9-8e539b556702', 116, 'ТР14');
INSERT INTO rides (id, vehicle, route) VALUES ('f4f9c292-c9bb-4a6d-88b2-0b9cd2b6ad3d', 216, 'А118');
INSERT INTO rides (id, vehicle, route) VALUES ('c7a3392a-6962-4f87-b875-312711af584c', 228, 'М2');
INSERT INTO rides (id, vehicle, route) VALUES ('9d7c2d56-31eb-4a9d-83b3-623f58a0baab', 216, 'Т8');
INSERT INTO rides (id, vehicle, route) VALUES ('93326490-aaa8-47c7-89fd-3f7606543659', 316, 'ТР4');
INSERT INTO rides (id, vehicle, route) VALUES ('efc9c70b-6585-4a05-9bb3-9d35be77e8e6', 223, 'М3');
INSERT INTO rides (id, vehicle, route) VALUES ('7d364e67-95de-4a31-b557-ca846d6ed4f0', 312, 'А22');
INSERT INTO rides (id, vehicle, route) VALUES ('d9621c9f-4d14-433b-8352-6a9d06e9c8b3', 319, 'М1');
INSERT INTO rides (id, vehicle, route) VALUES ('b9b2fe6f-f86b-4ed2-8227-767af2f8ed07', 112, 'Т33');
INSERT INTO rides (id, vehicle, route) VALUES ('fd5c6d8e-b906-47b0-a10c-8e2dc078578b', 218, 'А118');
INSERT INTO rides (id, vehicle, route) VALUES ('aa10b938-ab15-4111-8ed5-1dc4d802d69b', 310, 'А17');
INSERT INTO rides (id, vehicle, route) VALUES ('4592ae26-34c9-4248-8702-567882cc376a', 311, 'ТР4');
INSERT INTO rides (id, vehicle, route) VALUES ('1c765ede-4210-4536-a5d7-a2e08a39c72a', 221, 'ТР4');
INSERT INTO rides (id, vehicle, route) VALUES ('cd73fb0e-7bd7-4420-9d65-727e00477380', 315, 'ТР14');
INSERT INTO rides (id, vehicle, route) VALUES ('89f925f0-1861-4251-9074-91e8cdf0b743', 218, 'А22');
INSERT INTO rides (id, vehicle, route) VALUES ('466e1625-1548-48f1-b0cc-6f1c4e91f810', 224, 'М2');
INSERT INTO rides (id, vehicle, route) VALUES ('5f39e081-ae72-4a9b-adc6-4d89daa945ca', 115, 'М1');
INSERT INTO rides (id, vehicle, route) VALUES ('11f64c8c-0f3a-4871-b435-f52f999f2361', 128, 'М3');
INSERT INTO rides (id, vehicle, route) VALUES ('6a172c86-b437-41f9-833f-e8211491bfcd', 311, 'А118');
INSERT INTO rides (id, vehicle, route) VALUES ('9a63dda6-4a4c-45de-9803-8eec8616b933', 226, 'А17');
INSERT INTO rides (id, vehicle, route) VALUES ('e46388ea-4451-41c0-8560-a8f2f57b69b5', 225, 'М1');
INSERT INTO rides (id, vehicle, route) VALUES ('39800d9a-f7b7-4896-9ae3-cdbde7d0d313', 314, 'М1');
INSERT INTO rides (id, vehicle, route) VALUES ('406404b3-3223-450e-b0d8-f3195af1618a', 124, 'М1');
INSERT INTO rides (id, vehicle, route) VALUES ('47cba6db-5f50-4699-8d77-2c18c61cba93', 120, 'Т33');
INSERT INTO rides (id, vehicle, route) VALUES ('d1826f12-9b03-4c21-bc5f-42dab5259756', 311, 'А22');
INSERT INTO rides (id, vehicle, route) VALUES ('b644a004-c3d4-4cd6-aff7-eb4ea09eee77', 325, 'А118');
INSERT INTO rides (id, vehicle, route) VALUES ('bf0e33a1-8024-4e66-8952-4d7cec42853f', 321, 'А17');
INSERT INTO rides (id, vehicle, route) VALUES ('021ee13e-ed77-494c-a96d-b62c8453d652', 121, 'А17');
INSERT INTO rides (id, vehicle, route) VALUES ('960ccf4c-49f0-42ff-97bb-505cd60c002e', 320, 'М2');
INSERT INTO rides (id, vehicle, route) VALUES ('ec3ee03e-b275-4de1-9eb3-c762ad691fa6', 121, 'Т8');
INSERT INTO rides (id, vehicle, route) VALUES ('0d028192-1543-450e-ba1f-d63f64422384', 312, 'А17');
INSERT INTO rides (id, vehicle, route) VALUES ('9452c68c-f5dc-4703-87f2-788a98643a53', 323, 'А118');
INSERT INTO bank_transactions (bin, account, amount, time, ride) VALUES (365100, 86661145553266, -8, '2025-04-01T15:10:56', 'd6380273-b68b-40d4-8319-59a857a9decc');
INSERT INTO bank_transactions (bin, account, amount, time, ride) VALUES (305499, 52289694568009, -8, '2025-04-04T12:32:00', '3e519d7f-b8ce-4504-99e6-6b209b5a93e9');
INSERT INTO bank_transactions (bin, account, amount, time, ride) VALUES (321456, 88301333847741, -8, '2025-04-02T18:28:30', 'd88dadd5-7865-4976-a721-b954c122bd72');
INSERT INTO bank_transactions (bin, account, amount, time, ride) VALUES (321456, 63638652620830, -8, '2025-04-01T20:00:42', 'fea56009-9541-41dc-82ac-4bc4ee699d78');
INSERT INTO bank_transactions (bin, account, amount, time, ride) VALUES (365100, 88528554218735, -8, '2025-03-31T17:04:20', '9833bbe7-04c9-4cd1-8e1d-267c5d8b45e0');
INSERT INTO bank_transactions (bin, account, amount, time, ride) VALUES (321456, 26091497924076, -8, '2025-04-03T00:26:12', '63dd1301-0c73-4ca6-a74b-97b1e18a4ced');
INSERT INTO bank_transactions (bin, account, amount, time, ride) VALUES (321456, 46536819713919, -8, '2025-04-04T14:57:17', '99c2119c-3f7a-4e68-a2c7-3f9f7afd4b94');
INSERT INTO bank_transactions (bin, account, amount, time, ride) VALUES (333222, 88206421927875, -8, '2025-04-04T04:33:25', '0425cf52-002a-49fb-818f-b27d10dd14a4');
INSERT INTO bank_transactions (bin, account, amount, time, ride) VALUES (365100, 34416955909134, -8, '2025-04-05T00:54:06', '484b6449-32b8-4c94-874a-dfd9f53a2349');
INSERT INTO bank_transactions (bin, account, amount, time, ride) VALUES (365100, 40227602473379, -8, '2025-04-03T17:59:27', '4f879a61-57df-486e-8868-f733624025c5');
INSERT INTO bank_transactions (bin, account, amount, time, ride) VALUES (321456, 85351556031391, -8, '2025-04-01T16:44:58', '28206127-ef9c-43c2-86aa-c1a23a68e5ca');
INSERT INTO bank_transactions (bin, account, amount, time, ride) VALUES (305499, 16571804496125, -8, '2025-04-03T18:20:54', 'fbdc4401-301c-4218-9ce6-fb21792cbdaf');
INSERT INTO bank_transactions (bin, account, amount, time, ride) VALUES (365100, 28679863163114, -8, '2025-04-05T20:49:19', '257b3ceb-3ad3-4026-b603-3797514fe3b5');
INSERT INTO bank_transactions (bin, account, amount, time, ride) VALUES (321456, 80578644411064, -8, '2025-04-02T12:43:47', '802b564c-4677-48b8-82a7-c83bbdd3de57');
INSERT INTO bank_transactions (bin, account, amount, time, ride) VALUES (321456, 59513934290659, -8, '2025-04-05T00:45:45', '579dd63f-afc0-45c2-a2cd-247bc0abce0c');
INSERT INTO bank_transactions (bin, account, amount, time, ride) VALUES (305499, 92825870075065, -8, '2025-04-02T11:36:58', '548280ae-4d94-4595-a67f-3039f2a547ee');
INSERT INTO bank_transactions (bin, account, amount, time, ride) VALUES (305499, 31084578532193, -8, '2025-04-05T01:15:26', '1f5d76e1-7e2f-4fd8-abf9-0c9692bf285a');
INSERT INTO bank_transactions (bin, account, amount, time, ride) VALUES (305499, 65543546523204, -8, '2025-04-04T12:34:12', 'b2d7f0fd-4f17-4d2f-a0ca-d08a5ef902b9');
INSERT INTO bank_transactions (bin, account, amount, time, ride) VALUES (365100, 52010531157117, -8, '2025-04-05T04:47:40', 'be107f8f-fecf-4d8d-b643-e25376106843');
INSERT INTO bank_transactions (bin, account, amount, time, ride) VALUES (333222, 17683945915464, -8, '2025-04-05T08:39:10', '5022e5ee-4907-4001-99ed-22e3a92a691f');
INSERT INTO bank_transactions (bin, account, amount, time, ride) VALUES (333222, 44605325810408, -8, '2025-04-04T03:02:36', '2d3ccdc3-b329-47ac-9120-716e767ffb35');
INSERT INTO bank_transactions (bin, account, amount, time, ride) VALUES (365100, 76157873246529, -8, '2025-04-01T20:09:53', '766fc6d8-6cfb-4865-b0db-66a70a87c7e4');
INSERT INTO bank_transactions (bin, account, amount, time, ride) VALUES (321456, 46227727594650, -8, '2025-04-01T07:50:37', '7b183b63-4044-4f5e-9e2a-15c911a84c29');
INSERT INTO bank_transactions (bin, account, amount, time, ride) VALUES (321456, 73620527041277, -8, '2025-04-05T18:46:01', '361aab52-626f-401a-9ace-cacc770b200a');
INSERT INTO bank_transactions (bin, account, amount, time, ride) VALUES (321456, 73343106163895, -8, '2025-04-01T09:39:06', 'acf29603-4f08-4808-a526-a1d0adfc0cbc');
INSERT INTO bank_transactions (bin, account, amount, time, ride) VALUES (305499, 75299176690101, -8, '2025-04-03T00:19:45', '17663ae2-9c79-4762-b46e-4cd510b3c8f2');
INSERT INTO bank_transactions (bin, account, amount, time, ride) VALUES (333222, 27759563417583, -8, '2025-03-31T19:58:11', '2d453785-c794-4c9d-9a91-f5fed68dfc71');
INSERT INTO bank_transactions (bin, account, amount, time, ride) VALUES (365100, 31997183919652, -8, '2025-04-03T19:09:07', '44b068e3-dbd5-4742-9e2a-65f8008a2b8e');
INSERT INTO bank_transactions (bin, account, amount, time, ride) VALUES (365100, 60126688911823, -8, '2025-03-31T01:20:18', 'a8e068cb-f9f5-47a0-98b1-436c6af3d618');
INSERT INTO bank_transactions (bin, account, amount, time, ride) VALUES (321456, 10371547597314, -8, '2025-04-04T13:43:04', '56661375-1fe9-4405-b49f-ecb7aa76a6a7');
INSERT INTO bank_transactions (bin, account, amount, time, ride) VALUES (305499, 66254558635411, -8, '2025-04-01T19:25:09', 'e54b99fb-2a39-4767-bec8-95d037a4ff5a');
INSERT INTO bank_transactions (bin, account, amount, time, ride) VALUES (305499, 54474607317344, -8, '2025-04-01T19:11:00', 'adf1afc6-fcb6-4821-a119-d2aaf660d783');
INSERT INTO bank_transactions (bin, account, amount, time, ride) VALUES (321456, 41547816905578, -8, '2025-04-04T19:03:39', 'ff82816c-3e11-4cd7-87eb-2e06453edb30');
INSERT INTO bank_transactions (bin, account, amount, time, ride) VALUES (333222, 23355189150989, -8, '2025-04-02T01:07:06', '10606bd0-a45a-4bc2-bcac-ec649e3712b9');
INSERT INTO bank_transactions (bin, account, amount, time, ride) VALUES (305499, 75021194004416, -8, '2025-04-04T01:34:59', 'ceec756e-3bec-4cd6-a448-b5febbc6f474');
INSERT INTO bank_transactions (bin, account, amount, time, ride) VALUES (365100, 41356514921878, -8, '2025-04-05T19:56:31', '4de2f510-27fe-48c9-ac7a-9366c93ba461');
INSERT INTO bank_transactions (bin, account, amount, time, ride) VALUES (333222, 16834379114415, -8, '2025-04-04T20:48:24', '69a1d7ec-9229-477d-bfdd-3ac400771f7c');
INSERT INTO bank_transactions (bin, account, amount, time, ride) VALUES (333222, 85319806057874, -8, '2025-04-03T09:04:47', '3437a578-6734-4fa1-89cd-d2f522d1ea91');
INSERT INTO bank_transactions (bin, account, amount, time, ride) VALUES (365100, 83515854792710, -8, '2025-04-05T06:27:51', '35abf40d-2bf4-411b-b32e-693ecd9c9d40');
INSERT INTO bank_transactions (bin, account, amount, time, ride) VALUES (321456, 36241947642300, -8, '2025-03-31T16:08:58', '364334b1-16ab-4b3d-a7b8-c07d48da8ed7');
INSERT INTO bank_transactions (bin, account, amount, time, ride) VALUES (365100, 31494536160445, -8, '2025-03-31T06:37:12', 'b99605bb-0e39-4610-96e4-b6671d523c74');
INSERT INTO bank_transactions (bin, account, amount, time, ride) VALUES (365100, 97123922520619, -8, '2025-04-04T07:30:10', '8877789b-6e0d-45db-a050-8342108c6051');
INSERT INTO bank_transactions (bin, account, amount, time, ride) VALUES (333222, 74473385720427, -8, '2025-04-02T04:05:45', '8de79de3-76ab-472e-a1ef-13e302e1fae1');
INSERT INTO bank_transactions (bin, account, amount, time, ride) VALUES (305499, 40650182194716, -8, '2025-04-02T20:08:54', '2a638fa1-737a-4bb3-a3cf-f4ef22f9b325');
INSERT INTO bank_transactions (bin, account, amount, time, ride) VALUES (321456, 52009575458051, -8, '2025-03-31T04:12:23', '0a5ac55c-6f6c-45e9-a519-bc8617e1ddab');
INSERT INTO bank_transactions (bin, account, amount, time, ride) VALUES (365100, 70679745745324, -8, '2025-03-31T23:38:23', '84e52bd2-cd32-4641-8631-63b36ca319fa');
INSERT INTO bank_transactions (bin, account, amount, time, ride) VALUES (333222, 23754502903427, -8, '2025-04-03T17:29:39', '188b3bef-c3d2-4b83-9c71-711be7c77fad');
INSERT INTO bank_transactions (bin, account, amount, time, ride) VALUES (333222, 68937937333536, -8, '2025-03-31T15:50:57', '07fab435-f510-4f6e-a1d0-6b2f90c16d80');
INSERT INTO bank_transactions (bin, account, amount, time, ride) VALUES (305499, 89819997469148, -8, '2025-04-01T10:31:32', '54248800-960a-4c05-bd7d-acd340e09c4a');
INSERT INTO bank_transactions (bin, account, amount, time, ride) VALUES (305499, 73451052724492, -8, '2025-04-03T20:14:49', 'a92470e1-4d0a-45cb-8ea9-cb1e24010e0c');
INSERT INTO bank_transactions (bin, account, amount, time, ride) VALUES (321456, 24137870148324, -8, '2025-04-05T20:30:35', '8c266b34-f9d2-4055-bbc3-63b1214ab613');
INSERT INTO bank_transactions (bin, account, amount, time, ride) VALUES (305499, 72407045120059, -8, '2025-04-05T19:46:57', '43367112-24d6-4dd2-89eb-542a65545106');
INSERT INTO bank_transactions (bin, account, amount, time, ride) VALUES (365100, 99943421551480, -8, '2025-03-31T16:32:20', '65d86386-0d13-4b01-bab7-1ed1be3d99c1');
INSERT INTO bank_transactions (bin, account, amount, time, ride) VALUES (365100, 58020840564234, -8, '2025-04-02T07:15:32', 'bc48488d-d0d9-4419-b4ea-97b3b5b1aa18');
INSERT INTO bank_transactions (bin, account, amount, time, ride) VALUES (365100, 44882061234062, -8, '2025-03-31T23:26:32', '6901967b-05c6-421b-8877-4c4bca60b907');
INSERT INTO bank_transactions (bin, account, amount, time, ride) VALUES (321456, 11369286606400, -8, '2025-04-05T04:20:54', 'a046ee6f-a974-43e2-a556-4237718722bd');
INSERT INTO bank_transactions (bin, account, amount, time, ride) VALUES (321456, 83754513733490, -8, '2025-04-05T18:54:05', '9f38deef-5889-48d1-96da-37e4f56a29ed');
INSERT INTO bank_transactions (bin, account, amount, time, ride) VALUES (333222, 92417276092895, -8, '2025-04-02T03:42:52', '0435d01d-6a06-4394-9b37-e4c0f1875e6d');
INSERT INTO bank_transactions (bin, account, amount, time, ride) VALUES (333222, 19954735411976, -8, '2025-04-02T14:40:59', 'd3842c52-1b25-459d-af05-f1e38e04c28a');
INSERT INTO bank_transactions (bin, account, amount, time, ride) VALUES (333222, 22781863948027, -8, '2025-04-04T20:52:32', '39b6106f-2d64-4387-9c18-6abfa0dedfbf');
INSERT INTO bank_transactions (bin, account, amount, time, ride) VALUES (305499, 76327677393888, -8, '2025-04-04T07:50:11', 'fa7d411a-3019-4da8-9073-00d3d9a87b52');
INSERT INTO bank_transactions (bin, account, amount, time, ride) VALUES (333222, 29041171239421, -8, '2025-04-03T07:03:54', '6fffeacc-21d2-4f2c-bd1b-dc81deb7f72e');
INSERT INTO bank_transactions (bin, account, amount, time, ride) VALUES (305499, 49889996867199, -8, '2025-04-05T14:21:41', 'a5d18500-bf4b-48e8-862e-e5a78bd3ed18');
INSERT INTO bank_transactions (bin, account, amount, time, ride) VALUES (305499, 22019725808131, -8, '2025-03-31T09:28:17', '84a6698d-a8a0-4f56-9738-a8bed2b3f660');
INSERT INTO bank_transactions (bin, account, amount, time, ride) VALUES (305499, 40137599130885, -8, '2025-04-02T13:53:02', '2598b40d-72a6-4404-a550-89c76a27ce44');
INSERT INTO bank_transactions (bin, account, amount, time, ride) VALUES (305499, 71988462552791, -8, '2025-04-04T02:36:23', '7de70089-1f86-4081-8a56-c082fdb6aba0');
INSERT INTO bank_transactions (bin, account, amount, time, ride) VALUES (305499, 10388331078454, -8, '2025-04-04T20:04:47', 'ca98e4f3-a475-4439-89bb-2143d77e33ba');
INSERT INTO bank_transactions (bin, account, amount, time, ride) VALUES (321456, 13295738291419, -8, '2025-04-04T17:32:11', '5fc52eb8-7e98-4051-a468-908c709f35b5');
INSERT INTO bank_transactions (bin, account, amount, time, ride) VALUES (333222, 77909120538127, -8, '2025-04-04T20:57:18', 'b74c71e8-15df-484b-b0cb-7b89a37e5820');
INSERT INTO bank_transactions (bin, account, amount, time, ride) VALUES (321456, 90234415204742, -8, '2025-04-04T13:04:00', '77be2d38-0d57-4508-ae18-5ceb3ea981c5');
INSERT INTO bank_transactions (bin, account, amount, time, ride) VALUES (321456, 83278490377403, -8, '2025-04-04T16:09:46', '37aef0eb-930e-4c90-86eb-5da45daee78c');
INSERT INTO bank_transactions (bin, account, amount, time, ride) VALUES (333222, 83709188282079, -8, '2025-04-03T00:22:06', 'a7300a07-0441-4316-ad4f-9c82216fba31');
INSERT INTO bank_transactions (bin, account, amount, time, ride) VALUES (305499, 45224318857573, -8, '2025-04-01T01:35:26', '1786749d-61bf-41d6-980a-d2fef7d0c689');
INSERT INTO bank_transactions (bin, account, amount, time, ride) VALUES (305499, 87591937057280, -8, '2025-03-31T13:45:31', 'd9841784-8d00-4a49-8deb-545284b36813');
INSERT INTO bank_transactions (bin, account, amount, time, ride) VALUES (333222, 75546403303540, -8, '2025-04-05T22:15:26', 'b77890b7-2735-4b65-aa62-a2656735e218');
INSERT INTO bank_transactions (bin, account, amount, time, ride) VALUES (305499, 52116842222515, -8, '2025-03-31T06:32:59', '0569547d-8c9b-4ea5-8388-5b8d17b8dcfc');
INSERT INTO bank_transactions (bin, account, amount, time, ride) VALUES (365100, 99347695134902, -8, '2025-04-03T15:21:58', '897b85d9-b9be-4f6e-ab8b-4148280f2a48');
INSERT INTO bank_transactions (bin, account, amount, time, ride) VALUES (365100, 88571505302082, -8, '2025-04-02T17:49:08', '1259ee7a-1010-4e81-98b6-95e85106eefe');
INSERT INTO bank_transactions (bin, account, amount, time, ride) VALUES (305499, 56381402115592, -8, '2025-04-04T07:25:57', '69019a82-a16b-4e8b-8797-ee95612bd121');
INSERT INTO bank_transactions (bin, account, amount, time, ride) VALUES (321456, 92424416115056, -8, '2025-04-03T15:09:39', '9d7ca910-5d79-47ae-a088-94b7b3238042');
INSERT INTO bank_transactions (bin, account, amount, time, ride) VALUES (365100, 34079551867677, -8, '2025-04-05T10:06:12', 'efea2216-4502-4c8e-8d65-0b50ec844c09');
INSERT INTO bank_transactions (bin, account, amount, time, ride) VALUES (321456, 63859854971010, -8, '2025-04-04T03:19:30', '906055a4-79a3-4a73-8222-0341ee4f09b1');
INSERT INTO bank_transactions (bin, account, amount, time, ride) VALUES (321456, 72031307971365, -8, '2025-04-04T19:04:06', 'bb2c23cf-32ab-468d-b7ee-48f22c952629');
INSERT INTO bank_transactions (bin, account, amount, time, ride) VALUES (321456, 28219291619350, -8, '2025-04-04T03:37:07', 'd253a92a-4e3e-4b7c-b0ca-8232f870cef0');
INSERT INTO bank_transactions (bin, account, amount, time, ride) VALUES (321456, 95177244852938, -8, '2025-04-04T19:28:02', 'ae111ae5-9d7a-4f96-a744-36b3be4b42c6');
INSERT INTO bank_transactions (bin, account, amount, time, ride) VALUES (333222, 60440315191718, -8, '2025-04-05T03:14:19', '330ccf4a-bf41-41c1-918d-1ed52b742436');
INSERT INTO bank_transactions (bin, account, amount, time, ride) VALUES (321456, 61263109902329, -8, '2025-04-02T08:05:23', '21bb894d-8009-4d17-9b59-8d8941e02540');
INSERT INTO bank_transactions (bin, account, amount, time, ride) VALUES (305499, 50476047222600, -8, '2025-04-04T07:13:42', 'e787b7c9-4a6c-404a-a51c-8fd723beeb7e');
INSERT INTO bank_transactions (bin, account, amount, time, ride) VALUES (333222, 19047591532870, -8, '2025-04-05T13:17:47', '018a6aeb-ba62-446b-96c9-8e539b556702');
INSERT INTO bank_transactions (bin, account, amount, time, ride) VALUES (321456, 69911337403205, -8, '2025-04-01T01:12:41', 'f4f9c292-c9bb-4a6d-88b2-0b9cd2b6ad3d');
INSERT INTO bank_transactions (bin, account, amount, time, ride) VALUES (321456, 10349443890374, -8, '2025-04-05T12:06:36', 'c7a3392a-6962-4f87-b875-312711af584c');
INSERT INTO bank_transactions (bin, account, amount, time, ride) VALUES (365100, 23970927241375, -8, '2025-04-04T08:53:02', '9d7c2d56-31eb-4a9d-83b3-623f58a0baab');
INSERT INTO bank_transactions (bin, account, amount, time, ride) VALUES (321456, 92506149608221, -8, '2025-03-31T23:03:56', '93326490-aaa8-47c7-89fd-3f7606543659');
INSERT INTO bank_transactions (bin, account, amount, time, ride) VALUES (333222, 15944896568861, -8, '2025-04-01T06:46:07', 'efc9c70b-6585-4a05-9bb3-9d35be77e8e6');
INSERT INTO bank_transactions (bin, account, amount, time, ride) VALUES (321456, 27868504553663, -8, '2025-04-04T00:31:02', '7d364e67-95de-4a31-b557-ca846d6ed4f0');
INSERT INTO bank_transactions (bin, account, amount, time, ride) VALUES (365100, 68333757272960, -8, '2025-03-31T14:46:54', 'd9621c9f-4d14-433b-8352-6a9d06e9c8b3');
INSERT INTO bank_transactions (bin, account, amount, time, ride) VALUES (333222, 35599971089333, -8, '2025-04-01T20:08:16', 'b9b2fe6f-f86b-4ed2-8227-767af2f8ed07');
INSERT INTO bank_transactions (bin, account, amount, time, ride) VALUES (321456, 57354516214291, -8, '2025-04-05T00:20:41', 'fd5c6d8e-b906-47b0-a10c-8e2dc078578b');
INSERT INTO bank_transactions (bin, account, amount, time, ride) VALUES (365100, 92083234681324, -8, '2025-04-01T08:30:32', 'aa10b938-ab15-4111-8ed5-1dc4d802d69b');
INSERT INTO bank_transactions (bin, account, amount, time, ride) VALUES (333222, 69337970480441, -8, '2025-04-01T08:37:51', '4592ae26-34c9-4248-8702-567882cc376a');
INSERT INTO bank_transactions (bin, account, amount, time, ride) VALUES (305499, 98729714657779, -8, '2025-03-31T17:57:01', '1c765ede-4210-4536-a5d7-a2e08a39c72a');
INSERT INTO bank_transactions (bin, account, amount, time, ride) VALUES (321456, 39166437630661, -8, '2025-04-04T22:20:07', 'cd73fb0e-7bd7-4420-9d65-727e00477380');
INSERT INTO bank_transactions (bin, account, amount, time, ride) VALUES (333222, 36639978498617, -8, '2025-04-03T16:23:23', '89f925f0-1861-4251-9074-91e8cdf0b743');
INSERT INTO bank_transactions (bin, account, amount, time, ride) VALUES (305499, 82333329166046, -8, '2025-04-04T10:58:52', '466e1625-1548-48f1-b0cc-6f1c4e91f810');
INSERT INTO bank_transactions (bin, account, amount, time, ride) VALUES (365100, 82161798768760, -8, '2025-03-31T17:10:53', '5f39e081-ae72-4a9b-adc6-4d89daa945ca');
INSERT INTO bank_transactions (bin, account, amount, time, ride) VALUES (321456, 56515639155759, -8, '2025-03-31T15:23:29', '11f64c8c-0f3a-4871-b435-f52f999f2361');
INSERT INTO bank_transactions (bin, account, amount, time, ride) VALUES (333222, 29157151831117, -8, '2025-04-03T18:58:09', '6a172c86-b437-41f9-833f-e8211491bfcd');
INSERT INTO bank_transactions (bin, account, amount, time, ride) VALUES (365100, 79969550637726, -8, '2025-03-31T13:49:43', '9a63dda6-4a4c-45de-9803-8eec8616b933');
INSERT INTO bank_transactions (bin, account, amount, time, ride) VALUES (305499, 50401029524979, -8, '2025-04-01T22:46:06', 'e46388ea-4451-41c0-8560-a8f2f57b69b5');
INSERT INTO bank_transactions (bin, account, amount, time, ride) VALUES (305499, 63825488891895, -8, '2025-03-31T06:34:00', '39800d9a-f7b7-4896-9ae3-cdbde7d0d313');
INSERT INTO bank_transactions (bin, account, amount, time, ride) VALUES (305499, 57730452482989, -8, '2025-04-04T12:19:18', '406404b3-3223-450e-b0d8-f3195af1618a');
INSERT INTO bank_transactions (bin, account, amount, time, ride) VALUES (333222, 18140284359477, -8, '2025-04-03T11:57:25', '47cba6db-5f50-4699-8d77-2c18c61cba93');
INSERT INTO bank_transactions (bin, account, amount, time, ride) VALUES (305499, 20446472424341, -8, '2025-04-01T19:55:40', 'd1826f12-9b03-4c21-bc5f-42dab5259756');
INSERT INTO bank_transactions (bin, account, amount, time, ride) VALUES (321456, 77712039720575, -8, '2025-04-04T04:58:39', 'b644a004-c3d4-4cd6-aff7-eb4ea09eee77');
INSERT INTO bank_transactions (bin, account, amount, time, ride) VALUES (305499, 68944342487196, -8, '2025-03-31T07:03:30', 'bf0e33a1-8024-4e66-8952-4d7cec42853f');
INSERT INTO bank_transactions (bin, account, amount, time, ride) VALUES (365100, 14986418149807, -8, '2025-04-04T01:37:34', '021ee13e-ed77-494c-a96d-b62c8453d652');
INSERT INTO bank_transactions (bin, account, amount, time, ride) VALUES (365100, 18247685203682, -8, '2025-04-05T05:58:05', '960ccf4c-49f0-42ff-97bb-505cd60c002e');
INSERT INTO bank_transactions (bin, account, amount, time, ride) VALUES (321456, 89500274357927, -8, '2025-04-03T04:06:46', 'ec3ee03e-b275-4de1-9eb3-c762ad691fa6');
INSERT INTO bank_transactions (bin, account, amount, time, ride) VALUES (305499, 87738473661344, -8, '2025-04-04T16:57:43', '0d028192-1543-450e-ba1f-d63f64422384');
INSERT INTO bank_transactions (bin, account, amount, time, ride) VALUES (305499, 23520468526038, -8, '2025-04-03T09:58:08', '9452c68c-f5dc-4703-87f2-788a98643a53');
INSERT INTO card_operation (card, ride, date, change) VALUES (9022781630, 'd6380273-b68b-40d4-8319-59a857a9decc', '2025-04-01T15:10:56', -1);
INSERT INTO card_operation (card, ride, date, change) VALUES (5963457959, '3e519d7f-b8ce-4504-99e6-6b209b5a93e9', '2025-04-04T12:32:00', -1);
INSERT INTO card_operation (card, ride, date, change) VALUES (4880261103, 'd88dadd5-7865-4976-a721-b954c122bd72', '2025-04-02T18:28:30', -1);
INSERT INTO card_operation (card, ride, date, change) VALUES (7488319215, 'fea56009-9541-41dc-82ac-4bc4ee699d78', '2025-04-01T20:00:42', -1);
INSERT INTO card_operation (card, ride, date, change) VALUES (7005422463, '9833bbe7-04c9-4cd1-8e1d-267c5d8b45e0', '2025-03-31T17:04:20', -1);
INSERT INTO card_operation (card, ride, date, change) VALUES (6014136388, '63dd1301-0c73-4ca6-a74b-97b1e18a4ced', '2025-04-03T00:26:12', -1);
INSERT INTO card_operation (card, ride, date, change) VALUES (4880261103, '99c2119c-3f7a-4e68-a2c7-3f9f7afd4b94', '2025-04-04T14:57:17', -1);
INSERT INTO card_operation (card, ride, date, change) VALUES (5498875947, '0425cf52-002a-49fb-818f-b27d10dd14a4', '2025-04-04T04:33:25', -1);
INSERT INTO card_operation (card, ride, date, change) VALUES (5498875947, '484b6449-32b8-4c94-874a-dfd9f53a2349', '2025-04-05T00:54:06', -1);
INSERT INTO card_operation (card, ride, date, change) VALUES (5963457959, '4f879a61-57df-486e-8868-f733624025c5', '2025-04-03T17:59:27', -1);
INSERT INTO card_operation (card, ride, date, change) VALUES (9022781630, '28206127-ef9c-43c2-86aa-c1a23a68e5ca', '2025-04-01T16:44:58', -1);
INSERT INTO card_operation (card, ride, date, change) VALUES (7488319215, 'fbdc4401-301c-4218-9ce6-fb21792cbdaf', '2025-04-03T18:20:54', -1);
INSERT INTO card_operation (card, ride, date, change) VALUES (9022781630, '257b3ceb-3ad3-4026-b603-3797514fe3b5', '2025-04-05T20:49:19', -1);
INSERT INTO card_operation (card, ride, date, change) VALUES (7488319215, '802b564c-4677-48b8-82a7-c83bbdd3de57', '2025-04-02T12:43:47', -1);
INSERT INTO card_operation (card, ride, date, change) VALUES (5498875947, '579dd63f-afc0-45c2-a2cd-247bc0abce0c', '2025-04-05T00:45:45', -1);
INSERT INTO card_operation (card, ride, date, change) VALUES (6014136388, '548280ae-4d94-4595-a67f-3039f2a547ee', '2025-04-02T11:36:58', -1);
INSERT INTO card_operation (card, ride, date, change) VALUES (9022781630, '1f5d76e1-7e2f-4fd8-abf9-0c9692bf285a', '2025-04-05T01:15:26', -1);
INSERT INTO card_operation (card, ride, date, change) VALUES (5963457959, 'b2d7f0fd-4f17-4d2f-a0ca-d08a5ef902b9', '2025-04-04T12:34:12', -1);
INSERT INTO card_operation (card, ride, date, change) VALUES (3094205357, 'be107f8f-fecf-4d8d-b643-e25376106843', '2025-04-05T04:47:40', -1);
INSERT INTO card_operation (card, ride, date, change) VALUES (4880261103, '5022e5ee-4907-4001-99ed-22e3a92a691f', '2025-04-05T08:39:10', -1);
INSERT INTO card_operation (card, ride, date, change) VALUES (4880261103, '2d3ccdc3-b329-47ac-9120-716e767ffb35', '2025-04-04T03:02:36', -1);
INSERT INTO card_operation (card, ride, date, change) VALUES (5498875947, '766fc6d8-6cfb-4865-b0db-66a70a87c7e4', '2025-04-01T20:09:53', -1);
INSERT INTO card_operation (card, ride, date, change) VALUES (5498875947, '7b183b63-4044-4f5e-9e2a-15c911a84c29', '2025-04-01T07:50:37', -1);
INSERT INTO card_operation (card, ride, date, change) VALUES (3094205357, '361aab52-626f-401a-9ace-cacc770b200a', '2025-04-05T18:46:01', -1);
INSERT INTO card_operation (card, ride, date, change) VALUES (5498875947, 'acf29603-4f08-4808-a526-a1d0adfc0cbc', '2025-04-01T09:39:06', -1);
INSERT INTO card_operation (card, ride, date, change) VALUES (7005422463, '17663ae2-9c79-4762-b46e-4cd510b3c8f2', '2025-04-03T00:19:45', -1);
INSERT INTO card_operation (card, ride, date, change) VALUES (7005422463, '2d453785-c794-4c9d-9a91-f5fed68dfc71', '2025-03-31T19:58:11', -1);
INSERT INTO card_operation (card, ride, date, change) VALUES (3094205357, '44b068e3-dbd5-4742-9e2a-65f8008a2b8e', '2025-04-03T19:09:07', -1);
INSERT INTO card_operation (card, ride, date, change) VALUES (5963457959, 'a8e068cb-f9f5-47a0-98b1-436c6af3d618', '2025-03-31T01:20:18', -1);
INSERT INTO card_operation (card, ride, date, change) VALUES (5963457959, '56661375-1fe9-4405-b49f-ecb7aa76a6a7', '2025-04-04T13:43:04', -1);
INSERT INTO card_operation (card, ride, date, change) VALUES (9022781630, 'e54b99fb-2a39-4767-bec8-95d037a4ff5a', '2025-04-01T19:25:09', -1);
INSERT INTO card_operation (card, ride, date, change) VALUES (3094205357, 'adf1afc6-fcb6-4821-a119-d2aaf660d783', '2025-04-01T19:11:00', -1);
INSERT INTO card_operation (card, ride, date, change) VALUES (7005422463, 'ff82816c-3e11-4cd7-87eb-2e06453edb30', '2025-04-04T19:03:39', -1);
INSERT INTO card_operation (card, ride, date, change) VALUES (5498875947, '10606bd0-a45a-4bc2-bcac-ec649e3712b9', '2025-04-02T01:07:06', -1);
INSERT INTO card_operation (card, ride, date, change) VALUES (9022781630, 'ceec756e-3bec-4cd6-a448-b5febbc6f474', '2025-04-04T01:34:59', -1);
INSERT INTO card_operation (card, ride, date, change) VALUES (5963457959, '4de2f510-27fe-48c9-ac7a-9366c93ba461', '2025-04-05T19:56:31', -1);
INSERT INTO card_operation (card, ride, date, change) VALUES (5498875947, '69a1d7ec-9229-477d-bfdd-3ac400771f7c', '2025-04-04T20:48:24', -1);
INSERT INTO card_operation (card, ride, date, change) VALUES (6014136388, '3437a578-6734-4fa1-89cd-d2f522d1ea91', '2025-04-03T09:04:47', -1);
INSERT INTO card_operation (card, ride, date, change) VALUES (5498875947, '35abf40d-2bf4-411b-b32e-693ecd9c9d40', '2025-04-05T06:27:51', -1);
INSERT INTO card_operation (card, ride, date, change) VALUES (7488319215, '364334b1-16ab-4b3d-a7b8-c07d48da8ed7', '2025-03-31T16:08:58', -1);
INSERT INTO card_operation (card, ride, date, change) VALUES (7005422463, 'b99605bb-0e39-4610-96e4-b6671d523c74', '2025-03-31T06:37:12', -1);
INSERT INTO card_operation (card, ride, date, change) VALUES (5498875947, '8877789b-6e0d-45db-a050-8342108c6051', '2025-04-04T07:30:10', -1);
INSERT INTO card_operation (card, ride, date, change) VALUES (7488319215, '8de79de3-76ab-472e-a1ef-13e302e1fae1', '2025-04-02T04:05:45', -1);
INSERT INTO card_operation (card, ride, date, change) VALUES (9022781630, '2a638fa1-737a-4bb3-a3cf-f4ef22f9b325', '2025-04-02T20:08:54', -1);
INSERT INTO card_operation (card, ride, date, change) VALUES (3094205357, '0a5ac55c-6f6c-45e9-a519-bc8617e1ddab', '2025-03-31T04:12:23', -1);
INSERT INTO card_operation (card, ride, date, change) VALUES (4880261103, '84e52bd2-cd32-4641-8631-63b36ca319fa', '2025-03-31T23:38:23', -1);
INSERT INTO card_operation (card, ride, date, change) VALUES (4880261103, '188b3bef-c3d2-4b83-9c71-711be7c77fad', '2025-04-03T17:29:39', -1);
INSERT INTO card_operation (card, ride, date, change) VALUES (7005422463, '07fab435-f510-4f6e-a1d0-6b2f90c16d80', '2025-03-31T15:50:57', -1);
INSERT INTO card_operation (card, ride, date, change) VALUES (9022781630, '54248800-960a-4c05-bd7d-acd340e09c4a', '2025-04-01T10:31:32', -1);
INSERT INTO card_operation (card, ride, date, change) VALUES (7005422463, 'a92470e1-4d0a-45cb-8ea9-cb1e24010e0c', '2025-04-03T20:14:49', -1);
INSERT INTO card_operation (card, ride, date, change) VALUES (5963457959, '8c266b34-f9d2-4055-bbc3-63b1214ab613', '2025-04-05T20:30:35', -1);
INSERT INTO card_operation (card, ride, date, change) VALUES (4880261103, '43367112-24d6-4dd2-89eb-542a65545106', '2025-04-05T19:46:57', -1);
INSERT INTO card_operation (card, ride, date, change) VALUES (4880261103, '65d86386-0d13-4b01-bab7-1ed1be3d99c1', '2025-03-31T16:32:20', -1);
INSERT INTO card_operation (card, ride, date, change) VALUES (4880261103, 'bc48488d-d0d9-4419-b4ea-97b3b5b1aa18', '2025-04-02T07:15:32', -1);
INSERT INTO card_operation (card, ride, date, change) VALUES (5498875947, '6901967b-05c6-421b-8877-4c4bca60b907', '2025-03-31T23:26:32', -1);
INSERT INTO card_operation (card, ride, date, change) VALUES (3094205357, 'a046ee6f-a974-43e2-a556-4237718722bd', '2025-04-05T04:20:54', -1);
INSERT INTO card_operation (card, ride, date, change) VALUES (6014136388, '9f38deef-5889-48d1-96da-37e4f56a29ed', '2025-04-05T18:54:05', -1);
INSERT INTO card_operation (card, ride, date, change) VALUES (9022781630, '0435d01d-6a06-4394-9b37-e4c0f1875e6d', '2025-04-02T03:42:52', -1);
INSERT INTO card_operation (card, ride, date, change) VALUES (6014136388, 'd3842c52-1b25-459d-af05-f1e38e04c28a', '2025-04-02T14:40:59', -1);
INSERT INTO card_operation (card, ride, date, change) VALUES (3094205357, '39b6106f-2d64-4387-9c18-6abfa0dedfbf', '2025-04-04T20:52:32', -1);
INSERT INTO card_operation (card, ride, date, change) VALUES (6014136388, 'fa7d411a-3019-4da8-9073-00d3d9a87b52', '2025-04-04T07:50:11', -1);
INSERT INTO card_operation (card, ride, date, change) VALUES (7005422463, '6fffeacc-21d2-4f2c-bd1b-dc81deb7f72e', '2025-04-03T07:03:54', -1);
INSERT INTO card_operation (card, ride, date, change) VALUES (6014136388, 'a5d18500-bf4b-48e8-862e-e5a78bd3ed18', '2025-04-05T14:21:41', -1);
INSERT INTO card_operation (card, ride, date, change) VALUES (6014136388, '84a6698d-a8a0-4f56-9738-a8bed2b3f660', '2025-03-31T09:28:17', -1);
INSERT INTO card_operation (card, ride, date, change) VALUES (5498875947, '2598b40d-72a6-4404-a550-89c76a27ce44', '2025-04-02T13:53:02', -1);
INSERT INTO card_operation (card, ride, date, change) VALUES (6014136388, '7de70089-1f86-4081-8a56-c082fdb6aba0', '2025-04-04T02:36:23', -1);
INSERT INTO card_operation (card, ride, date, change) VALUES (5963457959, 'ca98e4f3-a475-4439-89bb-2143d77e33ba', '2025-04-04T20:04:47', -1);
INSERT INTO card_operation (card, ride, date, change) VALUES (5498875947, '5fc52eb8-7e98-4051-a468-908c709f35b5', '2025-04-04T17:32:11', -1);
INSERT INTO card_operation (card, ride, date, change) VALUES (3094205357, 'b74c71e8-15df-484b-b0cb-7b89a37e5820', '2025-04-04T20:57:18', -1);
INSERT INTO card_operation (card, ride, date, change) VALUES (6014136388, '77be2d38-0d57-4508-ae18-5ceb3ea981c5', '2025-04-04T13:04:00', -1);
INSERT INTO card_operation (card, ride, date, change) VALUES (9022781630, '37aef0eb-930e-4c90-86eb-5da45daee78c', '2025-04-04T16:09:46', -1);
INSERT INTO card_operation (card, ride, date, change) VALUES (6014136388, 'a7300a07-0441-4316-ad4f-9c82216fba31', '2025-04-03T00:22:06', -1);
INSERT INTO card_operation (card, ride, date, change) VALUES (6014136388, '1786749d-61bf-41d6-980a-d2fef7d0c689', '2025-04-01T01:35:26', -1);
INSERT INTO card_operation (card, ride, date, change) VALUES (9022781630, 'd9841784-8d00-4a49-8deb-545284b36813', '2025-03-31T13:45:31', -1);
INSERT INTO card_operation (card, ride, date, change) VALUES (5498875947, 'b77890b7-2735-4b65-aa62-a2656735e218', '2025-04-05T22:15:26', -1);
INSERT INTO card_operation (card, ride, date, change) VALUES (6014136388, '0569547d-8c9b-4ea5-8388-5b8d17b8dcfc', '2025-03-31T06:32:59', -1);
INSERT INTO card_operation (card, ride, date, change) VALUES (5498875947, '897b85d9-b9be-4f6e-ab8b-4148280f2a48', '2025-04-03T15:21:58', -1);
INSERT INTO card_operation (card, ride, date, change) VALUES (7005422463, '1259ee7a-1010-4e81-98b6-95e85106eefe', '2025-04-02T17:49:08', -1);
INSERT INTO card_operation (card, ride, date, change) VALUES (5498875947, '69019a82-a16b-4e8b-8797-ee95612bd121', '2025-04-04T07:25:57', -1);
INSERT INTO card_operation (card, ride, date, change) VALUES (5963457959, '9d7ca910-5d79-47ae-a088-94b7b3238042', '2025-04-03T15:09:39', -1);
INSERT INTO card_operation (card, ride, date, change) VALUES (7005422463, 'efea2216-4502-4c8e-8d65-0b50ec844c09', '2025-04-05T10:06:12', -1);
INSERT INTO card_operation (card, ride, date, change) VALUES (9022781630, '906055a4-79a3-4a73-8222-0341ee4f09b1', '2025-04-04T03:19:30', -1);
INSERT INTO card_operation (card, ride, date, change) VALUES (7005422463, 'bb2c23cf-32ab-468d-b7ee-48f22c952629', '2025-04-04T19:04:06', -1);
INSERT INTO card_operation (card, ride, date, change) VALUES (5498875947, 'd253a92a-4e3e-4b7c-b0ca-8232f870cef0', '2025-04-04T03:37:07', -1);
INSERT INTO card_operation (card, ride, date, change) VALUES (5498875947, 'ae111ae5-9d7a-4f96-a744-36b3be4b42c6', '2025-04-04T19:28:02', -1);
INSERT INTO card_operation (card, ride, date, change) VALUES (5963457959, '330ccf4a-bf41-41c1-918d-1ed52b742436', '2025-04-05T03:14:19', -1);
INSERT INTO card_operation (card, ride, date, change) VALUES (7005422463, '21bb894d-8009-4d17-9b59-8d8941e02540', '2025-04-02T08:05:23', -1);
INSERT INTO card_operation (card, ride, date, change) VALUES (5963457959, 'e787b7c9-4a6c-404a-a51c-8fd723beeb7e', '2025-04-04T07:13:42', -1);
INSERT INTO card_operation (card, ride, date, change) VALUES (7005422463, '018a6aeb-ba62-446b-96c9-8e539b556702', '2025-04-05T13:17:47', -1);
INSERT INTO card_operation (card, ride, date, change) VALUES (9022781630, 'f4f9c292-c9bb-4a6d-88b2-0b9cd2b6ad3d', '2025-04-01T01:12:41', -1);
INSERT INTO card_operation (card, ride, date, change) VALUES (4880261103, 'c7a3392a-6962-4f87-b875-312711af584c', '2025-04-05T12:06:36', -1);
INSERT INTO card_operation (card, ride, date, change) VALUES (7005422463, '9d7c2d56-31eb-4a9d-83b3-623f58a0baab', '2025-04-04T08:53:02', -1);
INSERT INTO card_operation (card, ride, date, change) VALUES (5963457959, '93326490-aaa8-47c7-89fd-3f7606543659', '2025-03-31T23:03:56', -1);
INSERT INTO card_operation (card, ride, date, change) VALUES (7005422463, 'efc9c70b-6585-4a05-9bb3-9d35be77e8e6', '2025-04-01T06:46:07', -1);
INSERT INTO card_operation (card, ride, date, change) VALUES (7005422463, '7d364e67-95de-4a31-b557-ca846d6ed4f0', '2025-04-04T00:31:02', -1);
INSERT INTO card_operation (card, ride, date, change) VALUES (5498875947, 'd9621c9f-4d14-433b-8352-6a9d06e9c8b3', '2025-03-31T14:46:54', -1);
INSERT INTO card_operation (card, ride, date, change) VALUES (7488319215, 'b9b2fe6f-f86b-4ed2-8227-767af2f8ed07', '2025-04-01T20:08:16', -1);
INSERT INTO card_operation (card, ride, date, change) VALUES (9022781630, 'fd5c6d8e-b906-47b0-a10c-8e2dc078578b', '2025-04-05T00:20:41', -1);
INSERT INTO card_operation (card, ride, date, change) VALUES (4880261103, 'aa10b938-ab15-4111-8ed5-1dc4d802d69b', '2025-04-01T08:30:32', -1);
INSERT INTO card_operation (card, ride, date, change) VALUES (3094205357, '4592ae26-34c9-4248-8702-567882cc376a', '2025-04-01T08:37:51', -1);
INSERT INTO card_operation (card, ride, date, change) VALUES (7488319215, '1c765ede-4210-4536-a5d7-a2e08a39c72a', '2025-03-31T17:57:01', -1);
INSERT INTO card_operation (card, ride, date, change) VALUES (4880261103, 'cd73fb0e-7bd7-4420-9d65-727e00477380', '2025-04-04T22:20:07', -1);
INSERT INTO card_operation (card, ride, date, change) VALUES (7005422463, '89f925f0-1861-4251-9074-91e8cdf0b743', '2025-04-03T16:23:23', -1);
INSERT INTO card_operation (card, ride, date, change) VALUES (9022781630, '466e1625-1548-48f1-b0cc-6f1c4e91f810', '2025-04-04T10:58:52', -1);
INSERT INTO card_operation (card, ride, date, change) VALUES (5963457959, '5f39e081-ae72-4a9b-adc6-4d89daa945ca', '2025-03-31T17:10:53', -1);
INSERT INTO card_operation (card, ride, date, change) VALUES (5963457959, '11f64c8c-0f3a-4871-b435-f52f999f2361', '2025-03-31T15:23:29', -1);
INSERT INTO card_operation (card, ride, date, change) VALUES (7488319215, '6a172c86-b437-41f9-833f-e8211491bfcd', '2025-04-03T18:58:09', -1);
INSERT INTO card_operation (card, ride, date, change) VALUES (9022781630, '9a63dda6-4a4c-45de-9803-8eec8616b933', '2025-03-31T13:49:43', -1);
INSERT INTO card_operation (card, ride, date, change) VALUES (5498875947, 'e46388ea-4451-41c0-8560-a8f2f57b69b5', '2025-04-01T22:46:06', -1);
INSERT INTO card_operation (card, ride, date, change) VALUES (4880261103, '39800d9a-f7b7-4896-9ae3-cdbde7d0d313', '2025-03-31T06:34:00', -1);
INSERT INTO card_operation (card, ride, date, change) VALUES (4880261103, '406404b3-3223-450e-b0d8-f3195af1618a', '2025-04-04T12:19:18', -1);
INSERT INTO card_operation (card, ride, date, change) VALUES (5498875947, '47cba6db-5f50-4699-8d77-2c18c61cba93', '2025-04-03T11:57:25', -1);
INSERT INTO card_operation (card, ride, date, change) VALUES (9022781630, 'd1826f12-9b03-4c21-bc5f-42dab5259756', '2025-04-01T19:55:40', -1);
INSERT INTO card_operation (card, ride, date, change) VALUES (5498875947, 'b644a004-c3d4-4cd6-aff7-eb4ea09eee77', '2025-04-04T04:58:39', -1);
INSERT INTO card_operation (card, ride, date, change) VALUES (7005422463, 'bf0e33a1-8024-4e66-8952-4d7cec42853f', '2025-03-31T07:03:30', -1);
INSERT INTO card_operation (card, ride, date, change) VALUES (7488319215, '021ee13e-ed77-494c-a96d-b62c8453d652', '2025-04-04T01:37:34', -1);
INSERT INTO card_operation (card, ride, date, change) VALUES (5963457959, '960ccf4c-49f0-42ff-97bb-505cd60c002e', '2025-04-05T05:58:05', -1);
INSERT INTO card_operation (card, ride, date, change) VALUES (7488319215, 'ec3ee03e-b275-4de1-9eb3-c762ad691fa6', '2025-04-03T04:06:46', -1);
INSERT INTO card_operation (card, ride, date, change) VALUES (5498875947, '0d028192-1543-450e-ba1f-d63f64422384', '2025-04-04T16:57:43', -1);
INSERT INTO card_operation (card, ride, date, change) VALUES (5963457959, '9452c68c-f5dc-4703-87f2-788a98643a53', '2025-04-03T09:58:08', -1);

INSERT INTO rides (id, vehicle, route) VALUES ('9452c68c-f5dc-4803-87f2-788a98643a53', 113, 'М1');
INSERT INTO bank_transactions (bin, account, amount, time, ride) VALUES (305499, 13930090140036, -8, '2025-04-02T03:16:06', '9452c68c-f5dc-4703-87f2-788a98643a53');

INSERT INTO rides (id, vehicle, route) VALUES ('910ccf4c-49f0-42dd-97bb-505cd60c002e', 114, 'М1');
INSERT INTO bank_transactions (bin, account, amount, time, ride) VALUES (305499, 13930090140086, -8, '2025-04-02T03:16:06', '910ccf4c-49f0-42dd-97bb-505cd60c002e');

INSERT INTO rides (id, vehicle, route) VALUES ('945ccf4c-49f0-42dd-97bb-505cd60c002d', 116, 'М1');
INSERT INTO bank_transactions (bin, account, amount, time, ride) VALUES (305499, 13930090140086, -8, '2025-04-02T03:16:06', '945ccf4c-49f0-42dd-97bb-505cd60c002d');
